prediction_date,model,prediction_usd_millions,metric,confidence_note
2026-08-04,baseline_linear_regression,913.4,domestic_lifetime_total,R^2=0.909 on 5 comparable films
2026-08-06,baseline_linear_regression,913.4,domestic_lifetime_total,R^2=0.909 on 5 comparable films
2026-08-06,baseline_linear_regression,913.4,domestic_lifetime_total,R^2=0.909 on 5 comparable films
2026-08-07,baseline_linear_regression,913.4,domestic_lifetime_total,R^2=0.909 on 5 comparable films
2026-08-08,baseline_linear_regression,913.4,domestic_lifetime_total,R^2=0.909 on 5 comparable films
2026-08-09,baseline_linear_regression,913.4,domestic_lifetime_total,R^2=0.909 on 5 comparable films
2026-08-10,baseline_linear_regression,913.4,domestic_lifetime_total,R^2=0.909 on 5 comparable films
2026-08-11,baseline_linear_regression,913.4,domestic_lifetime_total,R^2=0.909 on 5 comparable films
2026-08-12,baseline_linear_regression,913.4,domestic_lifetime_total,R^2=0.909 on 5 comparable films
2026-08-13,baseline_linear_regression,913.4,domestic_lifetime_total,R^2=0.909 on 5 comparable films
2026-08-13,decay_log_linear_regression,2798.2,worldwide_lifetime_total,"decay_ratio=0.9819, n=6 days"
2026-08-14,baseline_linear_regression,913.4,domestic_lifetime_total,R^2=0.909 on 5 comparable films
2026-08-14,decay_log_linear_regression,1812.7,worldwide_lifetime_total,"decay_ratio=0.8699, n=7 days"
2026-08-15,baseline_linear_regression,913.4,domestic_lifetime_total,R^2=0.909 on 5 comparable films
2026-08-15,decay_log_linear_regression,1786.3,worldwide_lifetime_total,"decay_ratio=0.8241, n=8 days"
2026-08-16,baseline_linear_regression,913.4,domestic_lifetime_total,R^2=0.909 on 5 comparable films
2026-08-16,decay_log_linear_regression,1854.5,worldwide_lifetime_total,"decay_ratio=0.8429, n=9 days"
2026-08-17,baseline_linear_regression,913.4,domestic_lifetime_total,R^2=0.909 on 5 comparable films
2026-08-17,decay_log_linear_regression,51177.4,worldwide_lifetime_total,"decay_ratio=0.9946, n=10 days"
2026-08-18,baseline_linear_regression,913.4,domestic_lifetime_total,R^2=0.909 on 5 comparable films
2026-08-18,decay_log_linear_regression,2026.1,worldwide_lifetime_total,"decay_ratio=0.8313, n=11 days"
2026-08-19,baseline_linear_regression,913.4,domestic_lifetime_total,R^2=0.909 on 5 comparable films
2026-08-19,decay_log_linear_regression,2065.8,worldwide_lifetime_total,"decay_ratio=0.8265, n=12 days"
2026-08-20,baseline_linear_regression,913.4,domestic_lifetime_total,R^2=0.909 on 5 comparable films
2026-08-20,decay_log_linear_regression,2090.4,worldwide_lifetime_total,"decay_ratio=0.8364, n=13 days"
2026-08-21,baseline_linear_regression,913.4,domestic_lifetime_total,R^2=0.909 on 5 comparable films
2026-08-21,decay_log_linear_regression,2079.8,worldwide_lifetime_total,"decay_ratio=0.8369, n=14 days"
2026-08-22,baseline_linear_regression,913.4,domestic_lifetime_total,R^2=0.909 on 5 comparable films
2026-08-22,decay_log_linear_regression,5355.7,worldwide_lifetime_total,"decay_ratio=0.922, n=15 days"
2026-08-23,baseline_linear_regression,913.4,domestic_lifetime_total,R^2=0.909 on 5 comparable films
2026-08-23,decay_log_linear_regression,5355.7,worldwide_lifetime_total,"decay_ratio=0.922, n=15 days"
2026-08-24,baseline_linear_regression,913.4,domestic_lifetime_total,R^2=0.909 on 5 comparable films
2026-08-24,decay_log_linear_regression,8379.6,worldwide_lifetime_total,"decay_ratio=0.975, n=16 days"
2026-08-25,baseline_linear_regression,913.4,domestic_lifetime_total,R^2=0.909 on 5 comparable films
2026-08-25,decay_log_linear_regression,2219.9,worldwide_lifetime_total,"decay_ratio=0.7727, n=17 days"
2026-08-26,baseline_linear_regression,913.4,domestic_lifetime_total,R^2=0.909 on 5 comparable films
2026-08-26,decay_log_linear_regression,2236.3,worldwide_lifetime_total,"decay_ratio=0.7862, n=18 days"
2026-08-27,baseline_linear_regression,913.4,domestic_lifetime_total,R^2=0.909 on 5 comparable films
2026-08-27,decay_log_linear_regression,2254.6,worldwide_lifetime_total,"decay_ratio=0.8059, n=19 days"
2026-08-28,baseline_linear_regression,913.4,domestic_lifetime_total,R^2=0.909 on 5 comparable films
2026-08-28,decay_log_linear_regression,2246.5,worldwide_lifetime_total,"decay_ratio=0.8155, n=20 days"
2026-08-29,baseline_linear_regression,913.4,domestic_lifetime_total,R^2=0.909 on 5 comparable films
2026-08-29,decay_log_linear_regression,2248.6,worldwide_lifetime_total,"decay_ratio=0.8236, n=21 days"
2026-08-30,baseline_linear_regression,913.4,domestic_lifetime_total,R^2=0.909 on 5 comparable films
2026-08-30,decay_log_linear_regression,2269.5,worldwide_lifetime_total,"decay_ratio=0.8383, n=22 days"
2026-08-31,baseline_linear_regression,913.4,domestic_lifetime_total,R^2=0.909 on 5 comparable films
2026-08-31,decay_log_linear_regression,2990.1,worldwide_lifetime_total,"decay_ratio=0.8778, n=23 days"
2026-09-01,baseline_linear_regression,913.4,domestic_lifetime_total,R^2=0.909 on 5 comparable films
2026-09-01,decay_log_linear_regression,2334.7,worldwide_lifetime_total,"decay_ratio=0.8603, n=24 days"
2026-09-02,baseline_linear_regression,913.4,domestic_lifetime_total,R^2=0.909 on 5 comparable films
2026-09-02,decay_log_linear_regression,2346.8,worldwide_lifetime_total,"decay_ratio=0.8624, n=25 days"
2026-09-03,baseline_linear_regression,913.4,domestic_lifetime_total,R^2=0.909 on 5 comparable films
2026-09-03,decay_log_linear_regression,2354.8,worldwide_lifetime_total,"decay_ratio=0.8676, n=26 days"
2026-09-04,baseline_linear_regression,913.4,domestic_lifetime_total,R^2=0.909 on 5 comparable films
2026-09-04,decay_log_linear_regression,2354.8,worldwide_lifetime_total,"decay_ratio=0.8716, n=27 days"
